Frame,Maximum diameter of the drop (d_e),Diameter at the lowest end (d_s),Surface_Tension
0,0.0012934547046616176,0.0009769769030334844,11.504302019535292
1,0.0013322011097019401,0.0006361618846426122,38.22470123124153
2,0.0012912603820805202,0.0005976545650504605,38.81505034216126
3,0.0013079879035903998,0.0005913270115584211,42.228814857333646
4,0.0013056208597500255,0.0005920893820897512,41.75260278104358
5,0.0012954629310468055,0.0006034093661483698,38.456821236478525
6,0.0013060156649782057,0.0005913270115584211,41.94366826737189
7,0.0013139501810787266,0.0005617815608713211,48.96721500329473
11,0.0013104982031162799,0.0006245069599104228,37.18013045996014
12,0.0012995111680998395,0.0009670061315297037,12.05209840876048
15,0.0013027272481093114,0.0006079002208211392,38.71318879371157
16,0.0013079879035903998,0.0005904545256364322,42.384360610525114
17,0.0013173646329195285,0.0009773959300840313,12.477095593802373
18,0.0013063610216755837,0.0006361618846426122,35.00657059123991
19,0.0013060156649782057,0.0009763404266118918,12.034006992824283
20,0.0013063610216755837,0.0006018052622042269,40.19644179654145
21,0.0012960100120671233,0.000601698169888724,38.8032190417761
22,0.0013056208597500255,0.0006034093661483698,39.82940937643682
23,0.0013282770920185038,0.0006382856326335968,37.41001113761105
24,0.0013282770920185038,0.0006134712953636426,41.29216791760392
25,0.0012922848629649414,0.0005276527137619564,53.12033319341873
26,0.0012928211718104474,0.000608832504232895,37.26638290784496
27,0.0013186847603719346,0.0006471093525218352,34.995144526920214
28,0.00132395210710853,0.0006043697848824882,42.23493758403229
29,0.0012946667641552565,0.0009779891501791602,11.523033876357292
30,0.0013177070151790247,0.0006043697848824882,41.34776258162659
31,0.00128467304648168,0.0006147305603809274,35.36411884056094
32,0.0012944178615740551,0.0006156733188871972,36.44528376282811
33,0.0013087267268141536,0.0006026613156415195,40.381133109894165
34,0.0013063610216755837,0.0009764064290068708,12.046273906668288
35,0.0013186847603719346,0.0005904545256364322,43.96306184553363
36,0.0013027272481093114,0.0006079002208211392,38.71318879371157
37,0.0013306522632434083,0.0006134712953636426,41.62473197370206
38,0.0012946667641552565,0.0009766044094277504,11.563760143645398
39,0.0013023401940272011,0.0006066549476373799,38.8594801630225
40,0.0013095635559052048,0.0006130509655470018,38.809766876627954
41,0.0013547458072430518,0.0006131560750146489,45.17507552493834
42,0.0013171200196720537,0.0006699111470624185,31.933326423213156
43,0.0013521270184170583,0.000601698169888724,46.93802034427872
44,0.0013273114359202336,0.0006739733269478416,32.563933721992235
45,0.0013063610216755837,0.0009764064290068708,12.046273906668288
46,0.001363139398154643,0.0006026613156415195,48.48556173976046
47,0.0012915043798117812,0.0006200122037446151,35.45300872414865
48,0.0013464434795384579,0.0009876932222701695,13.407719108331639
49,0.00133142691169397,0.0006021264248681287,43.71914388534951
50,0.0013385230138716175,0.0006588535075895123,35.782850975996695
51,0.0013134453542216803,0.0009779891501791602,12.292701652556431
52,0.0012719691710506786,0.0009773959300840313,10.659416490541183
53,0.0015625670550844005,0.0006835288132642739,65.41845376811196
56,0.0012941853187384408,0.0006071741218424864,37.698434703384926
57,0.0012828659093853925,0.0009763404266118918,11.10544289338654
58,0.0013264807772141157,0.000613996302986784,40.95470053002756
59,0.001294268497049269,0.0006260528991350792,34.94114838435534
60,0.0013451386236522913,0.0005954361312584828,47.06885003300955
61,0.0013723271413212054,0.0007834251627370083,26.004003650911894
62,0.0013423716660009807,0.0006408049504109665,38.84280230856828
63,0.0013173646329195285,0.0005907818588551276,43.70544102580121
64,0.0013131345843564774,0.0005725593276991442,46.57411688848884
65,0.0013181470902654763,0.0006156733188871972,39.54254741801918
66,0.0013515549719868227,0.0005903453742304462,49.12450666891571
67,0.0013171200196720537,0.0005789925785721683,45.91676010151465
68,0.001334508668270842,0.0005976545650504605,45.00296781473296
69,0.0013300225291604812,0.0009882802613842686,12.670232087557997
70,0.0013062055737345962,0.000608832504232895,39.03025218506508
71,0.0013396930760514623,0.0006063432297367084,44.176762127535376
72,0.0013186847603719346,0.0006156733188871972,39.615019730439606
73,0.0013509354528066038,0.0006862966311893522,33.6933330240654
74,0.0013171200196720537,0.0009766044094277504,12.491870804780651
75,0.0013005970252289425,0.0006071741218424864,38.544298744878766
76,0.0013097227784888863,0.000608832504232895,39.504356840034376
77,0.0013069035406697465,0.000613996302986784,38.309802318027565
78,0.0013124145192759075,0.0006287928251085308,36.79291642848702
79,0.0013271607498295693,0.0006026613156415195,42.99849592411936
80,0.001358261301800123,0.0006253319364390622,43.520001013602545
81,0.0013401163672444036,0.0006183838038119615,42.12562573321925
82,0.0013046607961093638,0.0009769769030334844,11.958633468167134
83,0.0013840219012264206,0.0006089687706052664,50.58240471771882
84,0.0013509354528066038,0.0009769769030334844,13.984489755140507
85,0.0013495352774922518,0.0006079002208211392,45.362187469964766
86,0.0013306522632434083,0.0006260528991350792,39.57287990079854
87,0.0013431695095578995,0.0005855106111776428,48.759023385930725
88,0.001369177279561162,0.0005794376152086461,54.54142852490416
89,0.0013560105870646952,0.0009879455066181312,13.8320088570812
90,0.0013396930760514623,0.0005502205664935264,56.26344846381157
91,0.0013290531248559142,0.0006147305603809274,41.189746816853564
92,0.0013602794511016975,0.0006960525160264106,33.55219305007372
93,0.0013606788557187013,0.0009876932222701695,14.056041044034831
94,0.0013169732299151472,0.0006156733188871972,39.38468140927937
95,0.0013165854148219646,0.0006290934192576943,37.27645959330571
96,0.001353964198677149,0.0006183838038119615,44.11565495044163
97,0.0013354381889969327,0.0005789925785721683,48.85446193631498
99,0.0012733363629745806,0.0010227602487889774,9.566807098618325
102,0.0012973021955500381,0.0009893230263922374,11.29983335686377
103,0.0012991884595434091,0.0009893230263922374,11.373790739013753
104,0.0012982456701236722,0.0009769342876365934,11.698140957238628
105,0.0013602794511016975,0.0009654921996495373,14.855082743724958
106,0.0013053851382375877,0.0009783305483212126,11.94721267130143
107,0.0013060156649782057,0.0009779891501791602,11.983555064036723
108,0.0013142858679130707,0.0006071741218424864,40.399551692205755
109,0.0013158672380962594,0.0009767833719999176,12.432936757679668
110,0.0013264807772141157,0.0009773959300840313,12.86947637702081
111,0.001319310920967436,0.0006079002208211392,40.97561501683819
112,0.0013532658589769445,0.0005950126346677381,48.44502660856548
113,0.001364838410731543,0.0005627255793683793,57.834268791870784
114,0.0013135184576627426,0.0009657532493229977,12.687347588430642
115,0.0013306522632434083,0.0009779891501791602,13.032489172320872
116,0.0013587356710046115,0.0009887366063955397,13.92946682334479
117,0.0013587356710046115,0.0009887366063955397,13.92946682334479
118,0.0013290531248559142,0.0009773959300840313,12.981912387731144
119,0.0013023401940272011,0.000608832504232895,38.51432857319776
120,0.0013506088750673113,0.0005838939197960274,50.328679004899655
121,0.0013152445010586981,0.0009665359753053198,12.736657091951582
122,0.0013022918041784457,0.0009671226040660585,12.164673425312204
123,0.0013247926808585707,0.000608832504232895,41.58663082905641
124,0.0013063610216755837,0.0009766044094277504,12.040194096077474
125,0.0012802815778868647,0.0009889655848523038,10.658834462558337
126,0.001285324999351091,0.0009766044094277504,11.193807252895983
127,0.0013200523869818302,0.0009763404266118918,12.625725548748612
128,0.001314717339328923,0.0006071741218424864,40.459136270536234
129,0.0013165854148219646,0.0005959650788010582,42.6516207095363
130,0.0013029219644337656,0.0005894160120010466,41.83523463365712
131,0.0013560105870646952,0.0005842176159789596,51.16812821399683
132,0.0012992739747548995,0.0005774775030949721,43.47135417312094
133,0.0013560105870646952,0.00097729936959111,14.210247229718188
134,0.0013228321150562411,0.0009887366063955397,12.351357252918428
135,0.0013242693200491422,0.0009655574686845722,13.166953520602481
136,0.0013152445010586981,0.0006079002208211392,40.41158692507986
137,0.0013331198858718574,0.0006156733188871972,41.59964095867948
138,0.001314717339328923,0.00097729936959111,12.367953325703471
139,0.001339148750611492,0.0009769342876365934,13.446394542474573
140,0.0013615297294946815,0.0005951185370686244,49.76549420807623
141,0.001313710352252176,0.0009777506441022558,12.311316088967653
142,0.0013454380098084039,0.0006043697848824882,45.40078077540487
143,0.0013454380098084039,0.0009882802613842686,13.34306653546265
144,0.0013024853527868086,0.0009671226040660585,12.172793147534087
145,0.0013046607961093638,0.0009665359753053198,12.282890351993874
147,0.0013124145192759075,0.0009665359753053198,12.614069035686185
148,0.0012950128497284804,0.000989538916747779,11.204485378036596
149,0.0013046607961093638,0.0009671226040660585,12.264347118845121
150,0.0012959371119705433,0.000989538916747779,11.24043549043847
151,0.0013218086848215734,0.000966655717991123,13.020550610046401
152,0.0013200523869818302,0.0009766044094277504,12.617229339390782
153,0.0013046607961093638,0.0009671226040660585,12.264347118845121
154,0.0013173988751496962,0.0009777506441022558,12.467282556948172
155,0.0013092415281406576,0.0009671226040660585,12.458877965675946
156,0.0013142858679130707,0.0009783305483212126,12.317352390925148
157,0.001314717339328923,0.0009783305483212126,12.335519034306559
158,0.0013152445010586981,0.0009655574686845722,12.768820959397962
159,0.001335405594907663,0.0009767833719999176,13.28356793258542
160,0.0013062055737345962,0.0009655574686845722,12.37950893477421
161,0.0013465433707440968,0.0009783305483212126,13.73407287791799
162,0.0013340363594015914,0.0009660794622184091,13.590329952107593
163,0.0013139501810787266,0.0009777506441022558,12.321410731227845
164,0.0013327602893983327,0.0009655574686845722,13.550281398212267
165,0.0012822489729435308,0.0010119568697374774,10.135651792965525
166,0.001295015147399077,0.001011992051218253,10.595763595225174
167,0.0013322011097019401,0.0009893230263922374,12.73021162663396
168,0.0013253898137582014,0.0005901476218374167,45.03394767866886
169,0.0013368677096529935,0.0009783305483212126,13.296491497615843
170,0.001308133980444505,0.001000180788407304,11.41516485696852
171,0.0013071219216568891,0.0009542655461652405,12.787688174320511
172,0.001343638607993449,0.0009777506441022558,13.621642803421492
173,0.0013455602017662712,0.0009777506441022558,13.709330506693252
174,0.0013496753603891045,0.0009783305483212126,13.878088030824797
175,0.0013400693414924022,0.000989538916747779,13.064197995863644
176,0.0013568846932806287,0.0009893230263922374,13.824043028915183
177,0.0013289721476090494,0.0009665359753053198,13.344508807065667
178,0.001314368058074884,0.0009438444227655001,13.4724461499899
179,0.0013455602017662712,0.00097729936959111,13.725098563146553
180,0.0013528932637443928,0.0009657532493229977,14.486573015869427
181,0.0013534608531733177,0.0009887366063955397,13.68830376758737
182,0.0013567422057824726,0.001000077557715813,13.45049731521419
183,0.001345185472189481,0.0009665359753053198,14.091208179392163
184,0.0013340363594015914,0.001000180788407304,12.465695398806579
185,0.0013289721476090494,0.0009783305483212126,12.947511065368943
186,0.0013273114359202336,0.0009543315830184501,13.69638512646636
187,0.0013368677096529935,0.0009542655461652405,14.14717817414708
188,0.0013273114359202336,0.000989538916747779,12.514956370458048
189,0.0013439199884596226,0.0010007476950936057,12.867599919903952
190,0.0013680943116516334,0.001011992051218253,13.557487049751463
191,0.001339148750611492,0.001011992051218253,12.316281180582282
192,0.0013504101521538167,0.00102332717164464,12.438385751220505
193,0.0013567422057824726,0.001011418774793903,13.078080058812553
194,0.0013518886951547125,0.0009652547185953056,14.456912884197335
195,0.0013294936571317782,0.001000180788407304,12.27623063372976
196,0.0013465433707440968,0.0009657532493229977,14.183772100280144
197,0.0013216017244653756,0.0010007476950936057,11.935554559305618
198,0.0013738782045305893,0.000989538916747779,14.610627727640688
199,0.0013616730715389743,0.001011992051218253,13.274106053620933
200,0.0013699301436112142,0.001011992051218253,13.639363557968002
201,0.0013479934048418135,0.000989538916747779,13.414651074480243
202,0.0013173988751496962,0.0010007476950936057,11.76607324989227
203,0.0013400693414924022,0.0010007476950936057,12.702885160021319
204,0.0013270630516700654,0.0009897504676749946,12.497790361606476
205,0.001362631233988977,0.0009786648627175835,14.474023324768229
206,0.0013439199884596226,0.001000180788407304,12.88576817984037
207,0.0013563358641836226,0.0010226119493451013,12.707439672631212
208,0.0013688232787887498,0.0010113962460246554,13.6098955010838
209,0.0013479934048418135,0.0010109599904217625,12.718024814105057
210,0.0013304032142533327,0.0009891897907324985,12.657497727930819
211,0.0013539176539032933,0.000988519430149486,13.716560008982675
212,0.001371766592556911,0.0009997396387359362,14.144218611164147
213,0.001492765015905219,0.0005837859811834412,78.91492708094385
214,0.0014794057822710466,0.0005995773179525622,70.91966376484332
215,0.001396411743868376,0.0009675796631748257,16.621101190085007
216,0.0013918333929662874,0.0009889655848523038,15.510107201913891
217,0.001370306420523786,0.00102332717164464,13.282642812850806
218,0.0013717206518481602,0.0009889655848523038,14.528839596049684
219,0.0013761239662757724,0.0010007476950936057,14.311111355660419
220,0.0013566467985311474,0.0009891897907324985,13.81779714793124
221,0.0013427630214908632,0.0009998505399775673,12.846593852160808
222,0.0013501888733338308,0.001000180788407304,13.157855237461396
223,0.0013827482215084395,0.0010119568697374774,14.223037125027242
224,0.001409783407268713,0.0009665359753053198,17.394443847337925
225,0.0013576826106185395,0.0009997396387359362,13.503766837166063
226,0.00138931503828936,0.00102332717164464,14.130201721413805
227,0.0013507727569105731,0.0009884417267555273,13.576740058088568
228,0.0013576826106185395,0.0009997396387359362,13.503766837166063
229,0.0013495352774922518,0.000988519430149486,13.518336279513242
230,0.0013676718264417716,0.001000180788407304,13.9403096967573
231,0.0013526424657116422,0.0009891897907324985,13.635612672833494
232,0.0013888047126774598,0.001011992051218253,14.503642841207752
233,0.0013717206518481602,0.001000180788407304,14.126565207656613
234,0.0013717206518481602,0.0010007476950936057,14.106647488734508
235,0.0013588425276268715,0.0010119568697374774,13.151799584801445
236,0.0013725932623787043,0.0010007476950936057,14.146984806041363
237,0.0013674875040923576,0.0010007476950936057,13.912232884641757
238,0.0013752077717892064,0.001000180788407304,14.288526215635839
239,0.0013685895015379274,0.001000836464575527,13.959558770533471
240,0.0013827482215084395,0.000989538916747779,15.03896202347642
241,0.0013762613428429692,0.001000180788407304,14.337742618386752
242,0.0013848885941700171,0.0010007476950936057,14.724940482840342
243,0.0013806958192897562,0.0010109599904217625,14.163208760162847
244,0.0013774056147392985,0.000988519430149486,14.817799099770296
245,0.0013709295878871048,0.0009891897907324985,14.483079952766538
246,0.0013917428348222721,0.0009997396387359362,15.092828830414522
247,0.0013879340572983973,0.001000180788407304,14.89188749809012
248,0.0013861621388636283,0.0009992352291989153,14.841627045508876
249,0.0013692649368702455,0.0010002820015628461,14.009836909222738
250,0.0013668318076125818,0.0009773412773676372,14.724980467211799
251,0.0013809240146172032,0.0010113962460246554,14.158503928218032
252,0.0013879340572983973,0.001000180788407304,14.89188749809012
253,0.0013911087627503267,0.001000180788407304,15.045442506185706
254,0.0013863894344524092,0.0009997396387359362,14.83390491422014
255,0.0013981128140502462,0.001000180788407304,15.388569081083645
256,0.0013784627174920922,0.0009897504676749946,14.822921261114212
257,0.0013990140084290175,0.001000180788407304,15.433156190139007
258,0.001415461900626476,0.001011418774793903,15.818445509568214
259,0.0013932362915091605,0.001000180788407304,15.14903412320926
260,0.0014225012187552603,0.001011418774793903,16.17474124394882
261,0.0014162057375917932,0.0010007476950936057,16.280143657615504
262,0.0014213581779442036,0.0009889655848523038,17.0430335884469
263,0.0013966245719993738,0.0009889655848523038,15.75127797041899
264,0.0014036459966357776,0.0009994244126083664,15.693448059081797
265,0.0014209590881769812,0.0009997396387359362,16.56845568986589
266,0.0014167396176324681,0.0009997396387359362,16.34869293318852
267,0.0014174066848989528,0.0009994244126083664,16.39615402934312
268,0.001408892509857228,0.0009770889625893605,16.88242538042462
269,0.001420178994896772,0.0009776565792687223,17.47292731014666
270,0.0014518268289487326,0.001010653900390483,17.760148326679616
271,0.0014279491218278336,0.0009992352291989153,16.958861069599795
272,0.0014359587615067361,0.0009994244126083664,17.381979153714653
273,0.0014443603471611935,0.0009994244126083664,17.84329435965379
274,0.0014489778513793747,0.0010119568697374774,17.54781432373911
275,0.0014717094527762493,0.001011418774793903,18.843088693134508
276,0.0014717094527762493,0.001011418774793903,18.843088693134508
277,0.0014575857838422246,0.0010109726683846547,18.064470970630744
278,0.0014255509314500879,0.0009891897907324985,17.260183194659135
279,0.0014527567235789011,0.0009997396387359362,18.299400311962824
280,0.001473431442980233,0.000989538916747779,20.002427568020675
281,0.00145036892608005,0.0009879455066181312,18.7095108035746
282,0.0014917590774716897,0.001010653900390483,20.061166015728418
283,0.0014915430652089443,0.0010104625913247458,20.057578734467512
284,0.0014477762273868934,0.0009770889625893605,19.07755512595158
285,0.0014897646500605722,0.0009994244126083664,20.50359923662459
286,0.0014610185857335594,0.0009879455066181312,19.334293338129896
287,0.0014862070991957194,0.001000180788407304,20.24649666628205
288,0.001453003717232227,0.0009776565792687223,19.360778467725126
289,0.0014883680549081383,0.001000180788407304,20.379011533030166
290,0.0014978223935184325,0.0010109599904217625,20.414484895611473
291,0.0014749703644844005,0.0009992352291989153,19.614331006878672
292,0.001458761898940616,0.0009882546222846414,19.18561540341955
293,0.0014912867167364337,0.0009997396387359362,20.581656443727603
294,0.0014902298909239208,0.0009879455066181312,21.131543053976923
295,0.001479066327099318,0.0010007476950936057,19.785429001024255
296,0.0014912867167364337,0.001000180788407304,20.5590597758597
297,0.001486164696105818,0.001000180788407304,20.24390312730984
298,0.0015192399209747007,0.0009993040027017413,22.395690444325318
299,0.001508262351811166,0.0009889655848523038,22.246888461559333
300,0.0014933137257255903,0.000988009292362887,21.325167767084647
301,0.0014965596513576034,0.0009882006248939442,21.523704373408076
302,0.0015178834084949987,0.000988519430149486,22.91693213395112
303,0.0015164295963177516,0.0009997396387359362,22.186187284635032
304,0.0015307762106496223,0.0009993040027017413,23.16944522586528
305,0.0015435210208304365,0.0010109726683846547,23.36304113495523
306,0.001509434140914946,0.0009776565792687223,22.973165256260565
307,0.0015122085383685424,0.0009770889625893605,23.196887475722942
308,0.0015434505121887992,0.001000180788407304,23.99086750983816
309,0.0015197505520528481,0.0009879455066181312,23.0771248085819
310,0.00151020985330342,0.000977152047391866,23.055837577094497
311,0.0015106995716927618,0.0009773412773676372,23.07829546131549
312,0.0015275676335021015,0.000988009292362887,23.611100067560006
313,0.0015301644529513712,0.000989538916747779,23.700385676724483
314,0.0015449196880486379,0.000988009292362887,24.839436350236767
315,0.0015449604785458934,0.000988009292362887,24.8423811866794
316,0.0015659040727787523,0.0010109726683846547,24.923186727637678
317,0.0015390368788742285,0.0009897504676749946,24.310745193640727
318,0.0015525694635764667,0.001000180788407304,24.633882064514935
319,0.001560666360540078,0.001000180788407304,25.215982814344297
320,0.0015482612396881122,0.0009897504676749946,24.97185393345534
321,0.0015572303234597678,0.001000180788407304,24.96766873012844
322,0.001553388670447159,0.0009887534888597172,25.40901211239528
323,0.0015584034699036866,0.001000180788407304,25.05223450209982
324,0.0015645379870023084,0.0009882006248939442,26.274741901598777
325,0.001578691859595713,0.0009991105203669642,26.62114116266447
326,0.0015562431464463788,0.0009786648627175835,26.281992222189377
327,0.0015765755412634622,0.000988009292362887,27.207810510054568
328,0.0015875694806477497,0.001000180788407304,27.227244864456743
329,0.001575015861863104,0.0010007476950936057,26.23676392355987
330,0.0015633565346173143,0.0009780978311726082,26.864442121492587
331,0.0016054073399808706,0.0009991105203669642,28.70444972496442
332,0.0015832765958766859,0.0009889655848523038,27.664194843027406
333,0.0015712225291037705,0.0009786648627175835,27.437073463329117
334,0.0015886805572049236,0.000989538916747779,28.050173499978822
335,0.0015832765958766859,0.0010113962460246554,26.16164450207482
336,0.0015694953927947925,0.0009882546222846414,26.647000452055966
337,0.0015819625575062774,0.00102316642765461,25.324091363107247
338,0.0015946590898552188,0.0010119568697374774,26.9795340668771
339,0.0015869342304925124,0.0010007476950936057,27.140041684358813
340,0.0016030544760796824,0.0010007476950936057,28.400023896164875
341,0.0015866433073276484,0.0009773412773676372,28.763789940345728
342,0.0015776433795069071,0.001000836464575527,26.428024031400223
343,0.0015998670556187256,0.000988009292362887,29.05968496739774
344,0.0016069416263126352,0.0009767188531338343,30.501654361012076
345,0.0015854384928260597,0.0009660494887911272,29.50743966802105
346,0.001633106659673044,0.001011418774793903,30.0653514385103
347,0.001640861937462258,0.0010227602487889774,29.870725823076206
348,0.0016542780253839128,0.0010006573315426979,32.71528756111375
349,0.0016242604934834102,0.0009882006248939442,31.08771651592822
350,0.0016320316267954876,0.0009786648627175835,32.53732202759747
351,0.0015891665657564694,0.0009786648627175835,28.872289042737677
352,0.001593350221326062,0.0009780978311726082,29.25733382542388
353,0.0016337384732761878,0.0010113962460246554,30.119283229377103
354,0.00166707298984337,0.000989538916747779,34.82230594584949
355,0.0016353962890524232,0.000989538916747779,31.948363046242072
356,0.0016353962890524232,0.000989538916747779,31.948363046242072
357,0.001637129414837745,0.001000180788407304,31.256936498044098
358,0.0016427782169088072,0.001000180788407304,31.74410656715036
359,0.0016390145120167012,0.0010119568697374774,30.5163476052032
360,0.00167133049147734,0.0009991105203669642,34.389144313450245
361,0.0016577856028731448,0.0009889655848523038,34.0087282077402
362,0.0016376120118235706,0.0009891897907324985,32.17142993695652
363,0.0016451229993229791,0.0009897504676749946,32.79297673321682
364,0.0016613915606028653,0.000999626390038806,33.43740370380363
365,0.0016446185216870178,0.000989538916747779,32.7652849970304
366,0.0016648790238497323,0.0010109599904217625,32.81933921474704
367,0.001677949343232497,0.0010459985626358923,31.227252963592363
368,0.0016588876392928827,0.0009997396387359362,33.202360729045864
369,0.001677949343232497,0.0010573348085394694,30.40023847890955
370,0.0016781875608107616,0.001000180788407304,34.933936175415845
371,0.001672168487176737,0.001033827890371953,31.656318086984886
372,0.0016940029827432377,0.0010223190914377374,34.5035266274919
373,0.0016832494126841685,0.001000180788407304,35.409543306114955
374,0.001702540880162991,0.0010459985626358923,33.33532999831627
375,0.001675180727379424,0.0009879455066181312,35.732295480535846
376,0.001675180727379424,0.00102316642765461,32.747625973405626
377,0.0017048256448699832,0.0010119568697374774,36.416554219875245
378,0.001687773430548316,0.0009767833719999176,38.01474014385273
379,0.001687773430548316,0.0009882006248939442,36.93051203587284
380,0.0016849333173696043,0.0010343763563843826,32.712663093893
381,0.0016989009505128069,0.000988009292362887,38.054743352293684
382,0.001681735174207413,0.0009773412773676372,37.35473772978645
383,0.0016775147277230378,0.0009776565792687223,36.90600984071354
384,0.0017292435839895562,0.0010006573315426979,39.91836914872108
385,0.0017147771492207386,0.0010343763563843826,35.395822964291646
386,0.0017014955427638568,0.0010226119493451013,35.16895686460029
387,0.0016997168205672853,0.0009767188531338343,39.24404380962716
388,0.001701268007969874,0.0009776565792687223,39.31106412817339
389,0.0017011230711824268,0.0009884417267555273,38.237056801544426
390,0.0017117609576445456,0.0010450440614516551,34.2313170681584
391,0.0017105184183257138,0.0009884417267555273,39.194454737796825
392,0.001748621107488448,0.0009889655848523038,43.212740063494245
393,0.0017308718268001396,0.000988009292362887,41.377443321595095
394,0.001731854583970253,0.0009767188531338343,42.687353815741815
395,0.0017312358759842682,0.0010226119493451013,38.014445211231525
396,0.0017128232149156348,0.001045184122167945,34.31534740616581
397,0.0017472150140621855,0.0009655574686845722,45.70321599485637
398,0.0017099417337736666,0.0009770889625893605,40.27720610477579
399,0.001735344324297227,0.001033827890371953,37.39165237385664
400,0.001744947353305754,0.0009549469470506759,46.70501427582788
401,0.0017382108347374495,0.0009879455066181312,42.17781137830683
402,0.0017515378486287702,0.001045586644000142,37.90149838271029
403,0.0017658615858109736,0.0009991105203669642,44.02576168506086
404,0.001757571954976464,0.0009767188531338343,45.60818867270472
405,0.0017415173911612108,0.0010220450483539117,39.09261034230092
406,0.0017658615858109736,0.0009876932222701695,45.30390207390298
407,0.0017583964414017357,0.0009767188531338343,45.704331095608566
408,0.001739073403584134,0.0009660494887911272,44.69800713481324
409,0.0017642999386809507,0.0009992352291989153,43.83758989734529
410,0.0017574285265483667,0.001033827890371953,39.576172544625834
411,0.0017813625102400452,0.000988009292362887,47.07952520500284
412,0.0017719628634787327,0.0010343763563843826,41.012922934047786
413,0.0017587405055347525,0.0009998505399775673,43.1545646615145
414,0.001795393575558817,0.0009877584660673323,48.79841134037544
415,0.0017559343760959857,0.0009549469470506759,48.04000421924775
416,0.0017973307802121004,0.0010573348085394694,41.39041183958979
417,0.0017938854145259705,0.0009876932222701695,48.62262572958974
418,0.0017638712596581782,0.0010328521205553189,40.3264971857656
419,0.0017894613452741034,0.001033665654432752,42.93643502160745
420,0.0017755512389514005,0.0010450440614516551,40.3431799206028
421,0.0017760835476881996,0.0009767188531338343,47.80502717671618
422,0.0017798052511318846,0.001021872176919359,43.120536459190674
423,0.0017867669597355323,0.0010562604552555835,40.411433987423976
424,0.0018005046314989134,0.0010343763563843826,44.063566662381625
425,0.0017789198374983676,0.001021872176919359,43.024302755865264
426,0.0017781048675572313,0.0010221804804946104,42.90363467947896
427,0.0017853556112058732,0.001033827890371953,42.47927498393892
428,0.0017743380810199274,0.0010224671443239096,42.46739101001325
429,0.0018309352966220532,0.0010346626796507291,47.47467030778367
430,0.001778224764047484,0.0009660494887911272,49.3970264562712
431,0.001755197023722459,0.0010106428123378276,41.63744718463477
432,0.0018076306671259367,0.000988519430149486,50.21327601076722
433,0.0017929636951513814,0.001045586644000142,42.095795656414346
434,0.0017817869810586768,0.0010221804804946104,43.30399353378303
435,0.001778224764047484,0.0009998505399775673,45.343066489205434
436,0.0018272711675100634,0.0010346626796507291,47.049572055975524
437,0.0017952117501933052,0.0010562604552555835,41.276108450224626
438,0.0018021838807333033,0.001045586644000142,43.07652579758156
439,0.0018266715244225473,0.0009763404266118918,54.28220308148249
440,0.0017871113616307213,0.0010340966808792614,42.63955660141085
441,0.0017888696003862106,0.0010224671443239096,44.051485089391896
442,0.0017743380810199274,0.0009887534888597172,46.165048772246564
443,0.0018052584473806288,0.0010221804804946104,45.92480632797191
444,0.0018186485628055968,0.0009769769030334844,53.13360883369945
445,0.0017659806702788026,0.001067359992848665,37.35785033352859
446,0.0018165892097272538,0.001033665654432752,45.937301270113714
447,0.00182166074753522,0.001045586644000142,45.206593574426876
448,0.0017766988668630821,0.0009995422391037901,45.20332512937306
449,0.0018192721826233366,0.0010109599904217625,48.87223172385362
450,0.001792587236724484,0.0009549469470506759,52.70931850624906
451,0.0017890074283855206,0.0010230095832373014,44.00856843002461
452,0.0018117050105642385,0.001033827890371953,45.36760520736748
453,0.0018163948197859384,0.001033827890371953,45.89729479568173
454,0.001814311956758761,0.0010328521205553189,45.76894521233169
455,0.0018187178644561053,0.00102316642765461,47.368461186295356
456,0.0018546799275193234,0.0010346626796507291,50.30230474998691
457,0.0018133738878757127,0.0009767188531338343,52.4796800391062
459,0.001814311956758761,0.001044621857964008,44.495665324791915
460,0.0018117050105642385,0.0010104611819589699,48.02507967412951
461,0.001821383973005946,0.0009879455066181312,52.0267636285258
463,0.001818059392118724,0.001021872176919359,47.44079105249245
464,0.0018340723727691087,0.001033827890371953,47.93723618103003
465,0.0018103131042350956,0.0010562604552555835,42.85815025304822
466,0.0018278353577720638,0.0010560541141412998,44.774223834986024
467,0.001829068917248822,0.001112805640099267,39.4219482569518
469,0.0018013687645113752,0.0010335600607763622,44.24549243287772
470,0.0018153189722864246,0.0011114953937693063,38.22062744873242
471,0.001807483628229702,0.0010335600607763622,44.92387035310586
472,0.0018287043445553732,0.0010221804804946104,48.6642227072947
473,0.0018476288634202685,0.0009997396387359362,53.86304946274925
474,0.0018229057128812257,0.0010450440614516551,45.404123927605916
475,0.0018273252495365293,0.001011374455396254,49.800251116808845
476,0.0018293144232677317,0.0010224671443239096,48.70314356759507
477,0.0018363434828433957,0.0010340966808792614,48.1731468014995
478,0.001831183851415407,0.001033401104446733,47.648146792396766
479,0.001831183851415407,0.0010104611819589699,50.387375600919775
480,0.0018287043445553732,0.001033401104446733,47.35914568607281
481,0.0018101417439402691,0.0010335600607763622,45.22126794269874
482,0.0018411711714246993,0.0010106482639827212,51.609291189864166
483,0.0018606802283979266,0.001033401104446733,51.19242289336651
484,0.0018513428994990175,0.0009879455066181312,55.98092246682648
485,0.0018641654434201854,0.001045586644000142,50.13925775990388
486,0.001865956269881524,0.0010450440614516551,50.42101426207905
487,0.001874311837470482,0.0010686714058121686,48.6571917686023
488,0.0018243205279684913,0.0010548119482498778,44.519211501910235
489,0.0018534861503874767,0.0010680082506849442,46.34795327768492
490,0.0018522277162879562,0.001045586644000142,48.713626971463775
492,0.001856204172378326,0.001033827890371953,50.58976224816829
493,0.0018524318447586774,0.001033401104446733,50.18133480650446
494,0.0018807911761222925,0.0009654921996495373,63.63176001997301
495,0.001885111122559738,0.0010220038624544371,55.800139933640054
496,0.0018687910455640873,0.001033827890371953,52.14837599118238
497,0.0018673404480160777,0.001033401104446733,52.020328995350695
498,0.0018718908741800389,0.0010450440614516551,51.14504697590804
499,0.0018718908741800389,0.0010562604552555835,49.803389208575275
500,0.0018693305154401719,0.0010674770647629889,48.21330979147568
501,0.001896324715939894,0.001067404313391194,51.427821432039316
502,0.001907539956097675,0.0010220038624544371,58.843570393131394
504,0.0018471873346323623,0.0010215624394032145,50.98866741203474
505,0.0018733715877450997,0.0010680082506849442,48.62278636315454
506,0.0018539491577665478,0.001010459818798167,53.26181416878838
507,0.0018881148574944918,0.0010450440614516551,53.1657047348312
508,0.0018775717893938584,0.0010562604552555835,50.4856378286763
509,0.0018789138709014615,0.0010567972790809222,50.58383268272682
510,0.0018881148574944918,0.000988009292362887,61.13948419735114
511,0.0018701041518500554,0.0010335600607763622,52.34686179252911
512,0.001869345883425287,0.0010557465475677912,49.560102475231034
513,0.0018908830868706117,0.0010216871501181467,56.615054001411394
514,0.0018935807101463373,0.0010562604552555835,52.44736663508377
515,0.001888214984671188,0.0010562604552555835,51.783368371289214
516,0.0018877142956787625,0.001055842736915653,51.772710530390256
517,0.0019133129393589456,0.001045586644000142,56.353628510089194
518,0.0019006230316691102,0.0009991721601024283,61.24177220908986
519,0.0019163407517392003,0.001045586644000142,56.75515146831718
520,0.001889288236358377,0.0009882546222846414,61.27237806792947
521,0.0019163407517392003,0.0010441391306471202,56.9512693775394
522,0.0019333781007444587,0.0010450123528113029,59.13699294552541
523,0.0019283050103940872,0.0010686714058121686,55.27467132247728
524,0.0019092573846546254,0.001033401104446733,57.47262988181431
525,0.0019331371502649614,0.0008998847336369604,85.76364035821457
526,0.0019047631419859372,0.001045586644000142,55.23173685778242
527,0.0019105442243109747,0.0010221804804946104,59.23533478482053
528,0.0019407636552691478,0.0010800083433892694,55.42081006076444
529,0.0019149919919126679,0.0010216871501181467,59.92902126918732
530,0.0019213655696639837,0.0010221804804946104,60.75673242108441
531,0.0019573286479823023,0.0010104625913247458,67.95540815256032
532,0.0019361014118181089,0.001021872176919359,62.92437049335425
533,0.0019237256483654497,0.001033401104446733,59.45415856688459
534,0.0019453234685793811,0.0010450440614516551,60.79072391043995
535,0.0019453234685793811,0.0010450440614516551,60.79072391043995
536,0.001943540923479773,0.001021872176919359,64.01730238380891
537,0.0019422110527833718,0.001033401104446733,62.06267508912941
538,0.001965837455704364,0.0010220038624544371,67.35984903560313
539,0.001948172148263568,0.0009335014691086887,81.04934735381158
540,0.0019160806363754405,0.0009891897907324985,65.11796012623103
541,0.001910055261312206,0.0010217434444731884,59.23033358906686
542,0.0019783854817617104,0.0010800083433892694,60.410396011443915
543,0.0019582386210031466,0.0010330961494117792,64.44293624120682
544,0.0019593003196262102,0.0010904311619439357,56.47068460583371
545,0.0019674850363709936,0.0010330961494117792,65.82048541089706
546,0.0019693099095890896,0.000988009292362887,73.86256217349957
547,0.0019719322035453503,0.0010553651420763738,63.052356870886896
548,0.0019401220971968383,0.0010439448779320467,60.22190908021376
549,0.0019700777715533834,0.0010443201795397297,64.45307924065055
550,0.0019647926601739497,0.0010553651420763738,62.03380800717146
551,0.001966716162129354,0.0010786938832450072,59.00553999360896
552,0.0019960913941151886,0.0009309984657689627,90.99894262172383
553,0.0020027309762741447,0.0009309984657689627,92.36592672435248
554,0.001976018584725774,0.0009096360913116683,92.13621001119569
555,0.001964696435642936,0.0010216871501181467,67.23634979670216
556,0.001995251443489335,0.0010680082506849442,64.5279362420509
557,0.0019739126008472417,0.0010443201795397297,65.018312521794
558,0.0020063316256005524,0.0009655884742563964,85.02861783596497
559,0.0019861977561883713,0.0010782848554584258,61.733899573715405
560,0.0019873713602094126,0.0010104611819589699,72.76593521746842
561,0.0019957251536654843,0.0010329131331743614,70.2008864073334
562,0.0020013146630853958,0.0010346626796507291,70.78907621906308
563,0.00199521985881201,0.001055842736915653,66.39044520549292
564,0.001977787499480801,0.0009995422391037901,73.15614879812617
565,0.0019804037864506845,0.0010326650742663826,67.85383128714861
566,0.0020249072423259807,0.001011992051218253,78.84555992272662
567,0.0019933238623190234,0.001055544265464625,66.1542010616256
568,0.00199521985881201,0.001089506087620945,61.39963991009963
570,0.0020512148757376373,0.000966655717991123,93.6510019489917
571,0.0020359839251073335,0.0011012796968633963,65.46073484426971
572,0.0020347174507840443,0.0011012796968633963,65.27810244014672
573,0.0020121094791086657,0.0011114386949453976,60.680613433639664
574,0.0020186134864302015,0.0009654921996495373,87.41248631223264
575,0.002022075814027892,0.000921680218186684,98.88599590593005
576,0.0020476258789518063,0.0010104611819589699,83.20904204775071
577,0.0020435347537901753,0.0010677061384540313,71.89184809208184
578,0.0020287653175255892,0.0010777587344925068,67.98315980159616
579,0.0020233220474296276,0.001089506087620945,65.37914393585115
580,0.0020325204257664762,0.0011002693188144708,65.11086153022805
581,0.002025283310000746,0.0011227214802938545,60.93305931824003
582,0.0020389902330774767,0.001122889859050563,62.78322916451234
583,0.002048364383139902,0.0010667684054252492,72.81702174731642
584,0.0020372587112764493,0.0011007274303441842,65.72700789632391
585,0.0020555815520196183,0.0010330961494117792,80.12639032072937
586,0.0020513157411690508,0.001055544265464625,75.24519871365801
587,0.002067331308865504,0.0011125739745112254,68.35046739590727
588,0.002052145045842583,0.0011002693188144708,67.98151159400837
589,0.0020549683116861573,0.0010674770647629889,73.75498988391634
591,0.002032962422981554,0.0010881217992472424,67.00125824100134
592,0.0020549683116861573,0.0011451186553982885,61.92506687958282
593,0.0020661922988235585,0.0010680082506849442,75.48749540702579
594,0.0020914117573374927,0.0011012211788529477,73.8609839720112
595,0.0020693923212638317,0.0010553054275239128,78.31263685473752
596,0.002072070438274211,0.0010892168407717609,72.80324208698556
597,0.0020562669820003913,0.0010437677229326774,78.21904682201065
598,0.0020837467298896054,0.0011226653484296947,69.24678630546238
599,0.0020967109162118437,0.0010441391306471202,85.2921270968976
600,0.0020948165284838554,0.0010441391306471202,84.94666463773842
601,0.0020973419985494727,0.0010778172050599983,78.91631422493248
602,0.0020791917799092784,0.001045184122167945,81.93427593213583
603,0.002100584569997789,0.0010892168407717609,77.4108464456693
604,0.002098933886416551,0.0012025627325797246,60.2858414659875
605,0.0020881877270371853,0.001021872176919359,88.36431861648313
606,0.0021306085335550395,0.0010785155875363919,84.55763259721569
607,0.0021133858360583772,0.0011002693188144708,77.57672384681271
608,0.002123731529227706,0.001091345610665489,80.92082494541933
609,0.002100464564023628,0.0010779925977337302,79.4130447230121
610,0.002133419583297811,0.0011126318954303635,78.71299000405233
611,0.0021001945255101633,0.0011675719623668824,65.06060849004469
612,0.0021090875411595494,0.001167625935414981,66.29910418981402
613,0.0021402353486126365,0.0010790532175394764,86.17964959327266
614,0.002137975888488141,0.0010445188987156463,93.00797029902058
615,0.0021242418577550864,0.0012574353082312033,56.9292802773959
616,0.002146429094360754,0.0012828659093853925,56.747289018410356
617,0.002153353318899866,0.001203396339777448,67.51172661519394
618,0.002155387380942612,0.001169393062162534,72.81422889034287
619,0.0021008985406368984,0.001310187472563006,48.90437445118088
620,0.0021330937056367838,0.0010119568697374774,99.61170889733923
621,0.002126110027348429,0.0011007274303441842,79.61345138514946
622,0.0021527675236180637,0.0011338920019139916,78.19568497695577
623,0.0021701663997672903,0.0011355065990398953,80.78684387026581
624,0.0021548741793045636,0.001055544265464625,93.86792551481084
625,0.002186408150323699,0.0012500969471447663,65.7525546701352
626,0.0021688594283704845,0.0013282770920185038,54.52546286547856
628,0.0021594899149775253,0.0011675719623668824,73.72413159727677
630,0.002131859378436457,0.0011770004413878391,68.20265557291104
631,0.0021767262293922794,0.0011788520748936709,74.5958377056312
633,0.002163950200074734,0.0012014617484847482,69.29335799224644
634,0.002162988955751836,0.0011902370741372489,70.79060755495819
635,0.002163950200074734,0.0011790124374774348,72.62541003041113
637,0.002167005868010378,0.0011002120414611008,86.82499063682498
638,0.0021696506324984564,0.0010441391306471202,99.44685713625084
639,0.002199536081654916,0.0013696517250842274,53.80423984632745
640,0.0021976971611205234,0.0012261019310940036,70.61771033687862
641,0.0021696506324984564,0.0011787986158511793,73.52156814816492
642,0.0022220179365520184,0.0013968091503984575,53.63081684970205
643,0.002184846375615595,0.0012798384972098518,61.814828357840284
644,0.0021981890729244396,0.0012351359873783918,69.40830406247913
646,0.002186316905256848,0.0011787986158511793,76.09154523114447
647,0.0021895140557417186,0.0012129462633325735,71.3353881143623
648,0.00219744356443221,0.0012688105299983041,64.81295376233618
649,0.00219744356443221,0.0011007274303441842,92.32878207946419
650,0.0022045443022270486,0.0012688105299983041,65.75862989928366
651,0.002194573863878564,0.0014033765914325726,50.13116019505491
652,0.002218052630856652,0.001246360802386723,70.65936812590459
653,0.002242141215653497,0.0013623827814873703,59.426615869685556
654,0.0022280421881025235,0.0013971320640589677,54.255529910145654
655,0.0022014548606883685,0.0012013043826718769,74.87554302923702
656,0.0022149535793484156,0.0012017239790460663,76.89225302259821
657,0.002202742654585185,0.0014040500075167383,50.91360501293056
658,0.00221073873895058,0.0013698357562204405,55.02722797758023
659,0.002225611280198534,0.0013509826833350595,58.700072096394074
660,0.002218052630856652,0.001179279659991117,81.09552973989034
661,0.0022130465041480204,0.0011677878395920547,82.25843961167847
662,0.0022242661127127037,0.0011689205409336704,83.94465219964032
663,0.002211679230267324,0.001133947578044495,88.26226446203137
664,0.0022243794395641918,0.0013361604345609075,60.18511250520711
665,0.002236529558697294,0.0012601603180688369,71.35740965756271
666,0.0022366159985197477,0.0013850875973794698,56.40224004554419
667,0.002241960171020951,0.0012915043798117812,67.85778254784248
668,0.0022242661127127037,0.001358471461937914,57.740676353739396
669,0.0022231325264643635,0.0013367262845726763,59.97051981227953
671,0.00223105553489635,0.0012126864594734167,77.65813341409832
672,0.0022320439334806144,0.0012798384972098518,68.04059424338973
673,0.0022242661127127037,0.0013921050320528212,54.32933282272317
674,0.0022330883362913574,0.0011565632816100413,87.74146315421092
675,0.0022592919082132902,0.001329489444265203,65.35361664369135
676,0.0022735089423944117,0.0011466323614860588,97.1652477827653
677,0.0022761152036571324,0.0012375068027008264,80.77329482765882
678,0.0022705591316555624,0.0013173646329195285,68.37188928666248
679,0.0022755771986252707,0.0013627611423310151,63.46659250996196
680,0.0022341322508690918,0.001268611843725555,69.84244248771388
681,0.002250293007529434,0.0011341142900952908,95.36019105638307
682,0.002240441780102229,0.0013700657603787885,58.40112347005944
683,0.002251664821728632,0.0013696977351863645,59.76616398065578
684,0.0022341886647886983,0.0012910651506941489,66.86461662612219
685,0.002259662683702683,0.0013965784520715504,57.85652029473658
686,0.0022477150946856833,0.001246360802386723,75.00227263555985
687,0.0022482477319233623,0.0013698357562204405,59.3451059164448
688,0.002256808679335983,0.0012798877359709439,71.489555399191
689,0.002232754119330108,0.0013224565532370934,62.8007879872548
690,0.00225163683387481,0.0013921503000808655,57.39159420084232
691,0.002245779718101126,0.0012810688984796188,69.77377285007294
692,0.0022628322007592224,0.0013142858679130707,67.72679581526542
693,0.002256585277169594,0.0014033316855371185,56.8170012029504
694,0.002247174047834959,0.0011216514956986392,97.4118372157895
695,0.002264224250425661,0.0012798384972098518,72.55729374414757
697,0.002260129179315321,0.0012798384972098518,71.96994142553011
698,0.002256808679335983,0.001358471461937914,61.631789541729574
699,0.0022572554173379516,0.0013359717646313366,64.305972209957
700,0.002256808679335983,0.001358471461937914,61.631789541729574
701,0.0022882572816666294,0.0013971320640589677,61.156790970432525
702,0.0022891301518584233,0.0014077924382840212,60.11300949034087
703,0.0023039463196689097,0.0013964400147814414,63.13999789161245
704,0.0022655876292675186,0.001382018827697166,60.08851850177302
705,0.002281883686353865,0.0013736882746516151,62.99490250974299
706,0.002294641257827039,0.0014304973030100318,58.39233989336844
707,0.0022612720877592907,0.0013921050320528212,58.50729993469974
708,0.0022932647229721177,0.0014418497439544122,57.10020625527867
709,0.0022357337747297115,0.0012110725652968613,78.65234104989753
710,0.002256557350343686,0.0014033765914325726,56.809317524600736
711,0.002306825502449102,0.001351745681028549,68.8520455637505
712,0.002281774167394442,0.0013476193518606706,66.0588468366698
713,0.0022849756519073786,0.0013586106234477569,65.14496989413304
714,0.0022850859679240465,0.0013698357562204405,63.83767084583564
715,0.002308891825199849,0.0012374547267522814,86.13769997653138
716,0.0022849756519073786,0.0012126864594734167,86.44773470171498
717,0.002308891825199849,0.0012942187050436703,77.03572447843378
718,0.0022682285801905815,0.0014257849925057122,55.89184302667098
719,0.002281553209767624,0.0013812890487273635,62.0949096603437
720,0.0022955397738088383,0.001363092121916983,65.96510485181754
721,0.002269145243851183,0.0014257849925057122,55.99333325554094
722,0.0022446215473446297,0.0013990137418893119,55.90428348239296
723,0.002280005906809758,0.0013921503000808655,60.7104198681863
724,0.0022732240731427136,0.0013928291439520106,59.83113275683002
725,0.002292355087327416,0.0013921503000808655,62.200863271681236
726,0.0022926574671391507,0.0011563453088825853,98.79707425696488
727,0.0022960731013088945,0.0014308576524843567,58.51940519239543
728,0.00232011260633744,0.0013857853159682822,66.40823564094308
729,0.002308891825199849,0.0014084789096143926,62.402632049141104
730,0.0022682285801905815,0.0014259617792382584,55.87459062948423
731,0.00226789515608899,0.0014037357868803366,58.06517618264642
732,0.0022687841781364993,0.001382018827697166,60.47011774889564
733,0.00226789515608899,0.0013030658261214798,69.8859864686008
734,0.00226789515608899,0.0014037357868803366,58.06517618264642
735,0.0022933771241349338,0.0014304973030100318,58.24804102776814
736,0.0022910351447478876,0.0014145583390214153,59.621896700842385
737,0.002279038309000401,0.0013359717646313366,67.13959941545025
738,0.0023037629109250325,0.0013921050320528212,63.60796876859769
739,0.002278203334573226,0.0013657490254455856,63.4491610398452
740,0.0022935918436104595,0.001403511300498245,61.10250242256958
741,0.002279121262051841,0.0014040500075167383,59.33382301449432
742,0.0022683603633456063,0.0014101607385927767,57.461560582198594
743,0.002257273265330338,0.0013772100573576716,59.61993398988993
744,0.0023035167049573727,0.0012575856502170617,81.88377384799946
745,0.0023047293661198395,0.0013284711427269196,71.60212191238048
746,0.0023037629109250325,0.0013700657603787885,66.1863905018199
747,0.002327073888893479,0.0013396779918794536,73.22439602475075
748,0.002324968290258206,0.0013968091503984575,65.7249627460646
749,0.002316081613532522,0.0014084789096143926,63.27987794563478
750,0.002307370913518248,0.0013812890487273635,65.31272217718347
751,0.0023296478874522803,0.0014079297593265953,65.02433077979052
752,0.00229762727484236,0.0014146028885321427,60.39131316591883
754,0.0022812493580860304,0.001415270962914992,58.41363993828515
755,0.0022817990841540454,0.0014101607385927767,59.005955184594484
756,0.0022549508968448153,0.001432366628223361,53.817034257935916
757,0.002286988081614522,0.0014598535161620037,54.68572609793331
758,0.0023173333616810614,0.0014533352208661722,58.670091183150575
759,0.002292355087327416,0.0014482818129813982,56.370346268452934
760,0.0023187511926880465,0.0014873895462601807,55.5344843735762
761,0.0023442904532474627,0.0014418497439544122,63.03033759404074
762,0.0023319427126238194,0.0013625246791163234,70.86714595788015
763,0.0023054036120951074,0.0014145583390214153,61.31928979207905
764,0.0023460765795661922,0.0014758634355761153,59.678872382581844
765,0.00231020961351768,0.001481918259927197,55.12537023420667
766,0.002296420134288899,0.0013921050320528212,62.7027269555024
767,0.002307370913518248,0.001437055499436042,59.18303651929451
768,0.002283392378026136,0.0014435976861946872,55.83607069173578
769,0.0022839862031123217,0.0014546996661225942,54.84502856606075
770,0.0023087634044486488,0.0014931871182792442,53.94340667146132
771,0.0023032157508111675,0.001414736528647243,61.03928861267412
772,0.0023036808451928426,0.001358471461937914,67.59110674700253
773,0.0022880847838417633,0.0012880287633236054,74.85560294970558
774,0.002317182367012654,0.0013708015143475776,67.84437499618171
775,0.0022783656710698447,0.0014434695808579292,55.298500240610835
776,0.002306824609193535,0.001414736528647243,61.469892942169196
777,0.0023344009223403234,0.00144252000806931,61.773688136743516
778,0.002352111866052697,0.0013627611423310151,73.62923957116621
779,0.0023135079481066715,0.001415270962914992,62.21503506014904
780,0.0023159037863902964,0.0013925123913283125,65.07955813974027
781,0.002316611173519799,0.0014259617792382584,61.428677940320384
782,0.0023259772897632224,0.0014706916064429,57.921382048120925
783,0.0023036808451928426,0.0013696517250842274,66.22562726370667
784,0.0023504948326341073,0.0014645106399178375,61.3535972734739
785,0.002301573490001408,0.0014258291912438077,59.672283212706624
786,0.00234321812394538,0.0013057689256994025,80.51209303170333
787,0.0023259772897632224,0.0014371870517454369,61.342239568299824
788,0.0022814748882133864,0.0012884115640641543,73.83489229605523
789,0.0023014913461996533,0.0014819607845196537,54.19356569417285
790,0.002316611173519799,0.0013925123913283125,65.16885970191872
791,0.0023017103898230864,0.0014033316855371185,62.09941282425035
792,0.0023273507995277393,0.0014422072569140237,60.97333661263865
793,0.002340686580303804,0.0012942187050436703,81.91460295749654
794,0.002329659092288901,0.001414736528647243,64.24950254019681
795,0.0023239443886117475,0.0012125305504377204,93.29704955409244
796,0.0023457194631047937,0.0013181470902654763,79.02030187368135
797,0.002372978718174425,0.0012263121500292978,99.62353832484344
798,0.0023408043652550013,0.0012915043798117812,82.3625543389522
799,0.0023486023133686973,0.0014986120292895375,57.726817398741666
800,0.002369935182310219,0.0013060156649782057,84.67679946455331
801,0.002353344449723103,0.0014304973030100318,65.405507652938
802,0.002324595110405893,0.0013142858679130707,76.4312466767176
803,0.002324595110405893,0.0013925123913283125,66.18338258611082
804,0.0023248932970259097,0.001382018827697166,67.4806097389675
805,0.0023239443886117475,0.0013247926808585707,74.83665822236506
806,0.002328495622306539,0.0013584250715999305,70.92820531255356
807,0.002324351111081731,0.0014482818129813982,59.9901281239567
808,0.002324595110405893,0.0013584250715999305,70.39629069725255
809,0.0023675138684045244,0.0014077466616264484,69.92888776304987
810,0.00231377619638903,0.001432710864380271,60.37779242393484
811,0.002365008331468615,0.0014081585979724507,69.5465309896364
812,0.0023241613161197917,0.0013259338419466466,74.70768847736397
814,0.0023450810387706114,0.0013696977351863645,71.73355374668807
816,0.0023421769791303454,0.001234931883272664,92.32314376865234
817,0.0023502349512559578,0.0012802815778868647,85.70539033591213
819,0.0023384070896198214,0.0013371505149397279,75.19198871044624
820,0.0023473372678999055,0.001336018934611566,76.65133705076569
821,0.0023580248749548696,0.0014037357868803366,69.16889432467723
824,0.0023658690599760866,0.0012798384972098518,88.37126380766787
825,0.002372978718174425,0.0013287136662593864,81.58951272577225
826,0.0023653080462336844,0.0014649066141416253,63.066428537363954
827,0.002345913947399521,0.0015829979516132264,50.10768310363377
828,0.0023658690599760866,0.0014707344556411446,62.51253535883939
829,0.0023727614522228457,0.0014429220170901857,66.41791879842732
830,0.0023879763030394603,0.0014872595618843035,63.3900178874343
831,0.0023843303500203357,0.0013171200196720537,85.1956276625156
832,0.0023845195364712163,0.0013509826833350595,80.00574786198723
833,0.002383573454057763,0.0013284711427269196,83.27574507734481
834,0.002386788604219198,0.0014077466616264484,72.52167299104686
835,0.0023617901332333257,0.0013135664339382178,82.18963337672875
836,0.0023577041497873418,0.0013023401940272011,83.3148275351315
837,0.0023831464460241,0.0013700657603787885,77.06014770582516
838,0.0023589066443174458,0.0013925123913283125,70.68394449432448
839,0.002360268730838985,0.0013809240146172032,72.3574643462826
840,0.0023910238263982714,0.0013741104211957126,77.63848193877371
841,0.0024022901905314414,0.0014202342831016544,73.03670040189702
842,0.002401485286327158,0.0013965784520715504,76.04162178028422
843,0.002374802116479078,0.0013808783785685245,74.38567402148455
844,0.0023976179847658365,0.0013741104211957126,78.604507551682
845,0.0023688504884815456,0.0013586106234477569,76.5908096393401
846,0.002395870282980859,0.0014202342831016544,72.16440156551577
847,0.002381532842633386,0.0014033316855371185,72.37123286502343
848,0.0024085056994725147,0.0014081585979724507,75.47686223144163
849,0.0023774277758810466,0.001448412345659224,66.37575487878911
850,0.0023697814156531894,0.001448238299474306,65.44217454581259
851,0.0023807123955529156,0.0014258291912438077,69.45367396400493
852,0.0024041404475201593,0.0014419838217016097,70.56794452070712
853,0.0024072210488169077,0.0014419838217016097,70.9748565184924
854,0.002353896137147096,0.0014105103941247045,67.8089734076104
855,0.002377003623378685,0.0014596376604857392,65.05983720372143
856,0.0023801564481398525,0.0014933137257255903,61.83462852119761
857,0.0023916988133327317,0.0015047485341480168,62.00348808560371
858,0.002358317585897955,0.0014769036847835507,60.98268476883874
859,0.002372040717735266,0.001448238299474306,65.72277770734841
860,0.0024181454752131735,0.0014873895462601807,67.05137594826496
861,0.0024181454752131735,0.0014646866416778669,69.66921299651503
862,0.0024181454752131735,0.0014532021904409412,71.04825406900096
863,0.0024182520718839425,0.00144252000806931,72.379873671914
864,0.002410030332721837,0.0013968091503984575,77.23229311549935
865,0.0024295247959501528,0.0014872162312343932,68.49966086874421
866,0.0023694001502331382,0.0014438111698305532,65.89534750531892
867,0.0023916988133327317,0.0015605048343172753,56.633207626694016
868,0.0023916988133327317,0.0015605048343172753,56.633207626694016
869,0.002430452991329123,0.0016013881885222562,57.07530361129733
870,0.0023878514406337854,0.001543356429544558,57.79377213714545
871,0.002408398476522421,0.0015382154113691092,60.56151256003449
872,0.0023765177442555455,0.001532615166709782,57.56467705806051
873,0.0024034479580921325,0.001661544715675948,49.52016868607018
874,0.0024069327177555157,0.001616794019962756,53.349717292067695
875,0.0024296043694487395,0.0016349602449061576,54.1166516072125
876,0.0024311952924847323,0.0016236085517286427,55.2257688566226
877,0.002416887562540689,0.0015268661477678554,62.67094067498491
878,0.0024137566074791165,0.0014264920079796511,73.80269409806817
879,0.002464890381102362,0.0014532021904409412,77.42631563958656
880,0.002408398476522421,0.0015835949864275644,56.33205352284176
881,0.002420405045856064,0.0013698357562204405,82.65363461116898
882,0.002445308908457993,0.0014876061616470805,70.47459355386435
883,0.00242560675619458,0.0015382154113691092,62.52878889633369
884,0.0024589222415237096,0.0015670559569729234,63.47356449640296
885,0.0024188423514355183,0.0016166770827045077,54.5550758698799
886,0.002415400864929433,0.001639245191267031,52.36817068842073
887,0.002429345091063541,0.0015157645320474796,65.3104532458408
888,0.0024231373360982713,0.0016397064524095654,53.088312681234235
889,0.0024151660395438125,0.001661544715675948,50.61348130250011
890,0.002463556657846285,0.0016240847763825275,58.56112255173975
891,0.002398540579065627,0.0014769036847835507,65.79374484348497
892,0.002457842404125808,0.0016054507018077352,59.64311455994669
893,0.002436209673820275,0.0016055684567094356,57.311560293423305
894,0.0024773558654655496,0.0014760380836372645,76.18406488794366
895,0.002457842404125808,0.0014146028885321427,81.73663875684196
896,0.0024387692207161957,0.0015043715668957907,67.71601616718385
897,0.002446509071401458,0.0014033765914325726,81.66211320684195
898,0.00241309378211064,0.001511066756330163,63.863253965338856
899,0.002473997937372261,0.0014985690268926712,72.91838929885067
900,0.0024659057512976283,0.0014482818129813982,78.2274868212712
901,0.0024455042760665583,0.0014931871182792442,69.84558587818633
902,0.0024793060585274578,0.001521316978797281,70.91276608362382
903,0.0024375027102012245,0.0014486298739844962,74.2179042907253
904,0.002438278202890722,0.0016166770827045077,56.5510954703278
905,0.002448337255483818,0.0014482818129813982,75.75597370530143
906,0.0024475649499321444,0.001448238299474306,75.65439705881546
907,0.002469889281535092,0.0014040500075167383,85.12330332491187
908,0.0024749354918897405,0.001544355807814574,67.76884299370285
909,0.002476575358247514,0.0014419838217016097,80.62899670954955
910,0.002476185012380926,0.0013511734731514794,94.73808147806581
911,0.0024461771222676278,0.001432710864380271,77.51487398586302
912,0.002447513454230523,0.0014710772042954463,72.75661886553874
913,0.002458739637439253,0.0014489343587752806,77.1253591290842
914,0.0024978472503017725,0.0014533352208661722,82.16542789687357
915,0.0024566883369362075,0.0013921503000808655,84.87944068216186
916,0.0024729491690806565,0.0014259617792382584,82.36007649079477
917,0.002469889281535092,0.001471377043873154,75.75274647175812
918,0.0024847452803336834,0.0014258291912438077,84.1582526695499
919,0.002486676928577656,0.00144252000806931,82.04020309787103
920,0.0024592778203026376,0.0014710772042954463,74.34006843082925
921,0.0024428233433303886,0.0015767053761264545,60.69398650349304
922,0.0024864955148432492,0.0016013881885222562,63.22681011881488
923,0.002442949508536898,0.0015546183234564825,62.87847793497305
924,0.0024977182499220825,0.0016234497791337268,62.3571838643535
925,0.0024976408464961602,0.001589756261567198,65.69098376919149
926,0.002510611146034446,0.001657858044115928,60.56839102443434
927,0.002470093391965086,0.0016841477047054253,54.138420336500694
928,0.002502409579265333,0.001725961009836053,53.99222443936663
929,0.002505960886797036,0.0015895535666802239,66.7004186409521
930,0.0024483936385769085,0.0016434360200610492,55.30462816568452
931,0.0024483936385769085,0.0016877356407640277,51.7604379398529
932,0.00248131900651627,0.0016616964202839498,57.129492172751746
933,0.002517276043384919,0.0016688995762713212,60.288912276324744
934,0.0025204229115008544,0.0016690154144244358,60.61757501092416
935,0.002483146940877192,0.0015943429088092131,63.53916740877555
936,0.0024827154666340633,0.0016054114482544632,62.4052536401393
937,0.002488420097504982,0.0016054507018077352,63.047826823479994
938,0.0025204229115008544,0.0016236085517286427,64.92714588600651
939,0.0024925446304259243,0.001639091408707354,60.32177135619966
940,0.002495374713844042,0.0016958193614095313,55.704926219472334
941,0.00246695374124941,0.0016100144182690946,60.21517803647047
942,0.0025316988863667714,0.0016348025747920047,65.11793970037307
943,0.002540237181229667,0.0015212746182092266,79.08564609761561
944,0.002492342358641256,0.0016169888966005954,62.37308377179746
945,0.0024653290596660456,0.001488212835970566,73.0283498090216
946,0.0025041729446473033,0.0016503180621916511,60.55757985899967
947,0.0025215732234926437,0.001657663676562166,61.782929583183815
948,0.002493227176547182,0.0015269899627845692,72.0473141856
949,0.0025051542086053998,0.001639091408707354,61.70409926310554
950,0.0025488227244122555,0.0015782019376247981,73.27390037512262
951,0.0025036444124487724,0.001494199677472201,77.48592984951935
952,0.002503946444508635,0.0016055684567094356,64.8216085956211
953,0.002514795439852044,0.0016166770827045077,64.96720208426328
954,0.0025246245145454857,0.0015948171568715018,68.39473076960293
955,0.0025190018749578816,0.0016280195982515844,64.32689986991777
956,0.0025037702635681736,0.0016503180621916511,60.51386894465914
957,0.0025084725614783194,0.0016503562476460842,61.022317936209426
958,0.0025037702635681736,0.0016063924993282013,64.71839281763832
959,0.0025172750825839087,0.0015829581412858695,68.77158446528455
960,0.002543938342101357,0.0015894319373405217,71.37420824072449
961,0.0025153967898253328,0.0016055684567094356,66.163213292637
962,0.002559319019522946,0.0016234497791337268,69.56568735236486
963,0.0025178007534583454,0.0015268248738643847,75.31125803058465
964,0.002543254286783651,0.0016575470450897682,64.21541727307158
965,0.002543659675104269,0.0016244418532532373,67.57199205303294
966,0.00255440425142272,0.0016575081661085603,65.49301289740474
967,0.002547988234567573,0.0015780385965006155,73.18510580179839
968,0.0025151713004341234,0.0015717715824811827,69.7345288209219
969,0.0025153967898253328,0.0016279034673609733,63.92592708880172
970,0.002546090649564619,0.0015667269336199772,74.25906443033483
971,0.0025547826461805602,0.0014308576524843567,94.51338782396239
972,0.002543659675104269,0.0014989560040526123,82.54785268564287
973,0.0025262215570581383,0.0014819607845196537,82.34220889768939
974,0.0025569006219724436,0.0015557058625389978,77.02734148238672
975,0.0025260968244710975,0.0014931871182792442,80.79141185444104
976,0.002566359662066934,0.0014531578442595597,92.80812352711884
977,0.0025661336561763454,0.0015216558210485562,82.71898430160813
978,0.0025280170239209447,0.0015159723959740812,78.06745599033184
979,0.0024991269296383597,0.001476778468627824,79.13771003788136
980,0.002500236617064671,0.0014656334438840411,80.80555192373245
981,0.002538117688190885,0.0015156398000078202,79.52119798006042
982,0.002538440444414124,0.0015156398000078202,79.56661184811931
983,0.0025414177971463396,0.0015155982203800878,79.9919600083247
984,0.0025266206599568026,0.0015380924999908387,75.11517011539166
985,0.0025374472171651404,0.0015382154113691092,76.55596867715012
986,0.002579584018180616,0.0015099645016306965,86.32568833199518
987,0.002539706245810459,0.0014931871182792442,82.76421232228306
988,0.002560390870641966,0.0015050416656225169,84.16053806667819
989,0.0025738567986375296,0.0016007441878171714,73.90459258713197
990,0.002550921973534165,0.0015269899627845692,79.84126228044032
991,0.002540227274817401,0.001549318856579755,75.56773860181895
992,0.0025677654739798155,0.001555374438192983,78.54954510788747
993,0.00257910931785315,0.0015893913921588936,75.91778357533819
994,0.002550921973534165,0.001549318856579755,77.00676510765764
995,0.002559701614155436,0.00154992886468394,78.12733719293524
996,0.00254934040472398,0.001560666360540078,75.40984599296017
997,0.0025597754719418877,0.0015157645320474796,82.5966723015398
998,0.0025884374100873407,0.0015780385965006155,78.54805326860459
999,0.002577109620465581,0.0015668503254740165,78.39301257338366
1000,0.0025783096250102827,0.001600905212280693,74.46175141184126
1001,0.0025547729456487224,0.0015605452174403804,76.14877294909914
1002,0.0025266985176745603,0.0015546183234564825,73.15278028305532
1003,0.00256088308312501,0.0015717314878015726,75.61310209002542
1004,0.0025983769190868183,0.0015780794333666768,79.90628967743474
1005,0.00256088308312501,0.0015717715824811827,75.60829938997135
1006,0.002588462306449317,0.0015670559569729234,79.92941631447981
1007,0.002590030294798154,0.0015784060902597156,78.71966557996905
1008,0.0026096864757273602,0.0015557058625389978,84.42894286554696
1009,0.002600682412134199,0.001589756261567198,78.76589066229808
1010,0.0025964913402473444,0.0016121369576124422,75.5223407528641
1011,0.0025715163834822263,0.0015942243247500816,74.35514535801822
1012,0.002595622520910042,0.0016234894737381593,74.10277329598229
1013,0.0025712958154948647,0.0015833163981969374,75.60808698196708
1014,0.0025757035864989526,0.0015943429088092131,74.88643703120749
1015,0.0025638343735995568,0.0016055684567094356,72.07909752552234
1016,0.002600186779713908,0.0016007844454515772,77.35542452774278
1017,0.0025717859408882636,0.0015718918603837768,77.04972087343018
1018,0.0025733537148343493,0.0016054507018077352,73.3019278402007
1019,0.0026120313299564115,0.0016349602449061576,74.90472041629788
1020,0.0025638343735995568,0.0016391298556998818,68.46015091147508
1021,0.0025928709070096273,0.00161663810173876,74.53143684206967
1022,0.0025717859408882636,0.0016391298556998818,69.41866181398773
1023,0.0025750429018358595,0.0016055684567094356,73.5047931326933
1024,0.0025715163834822263,0.00161663810173876,71.81467732355776
1025,0.0026013761388779203,0.0016351573111691414,73.52043565185971
1026,0.0025821303013882978,0.0015942243247500816,75.74308709969449
1027,0.0025883706374768816,0.0016055684567094356,75.22846829451652
1028,0.0026120313299564115,0.001646311953288119,73.62527000707226
1029,0.0026159758071807996,0.0016351573111691414,75.39131790481474
1030,0.0026227169460946594,0.0016236085517286427,77.62552456892517
1031,0.0025830087596235623,0.0016279034673609733,72.01103222583198
1032,0.002594231611543289,0.00161663810173876,74.70721563157443
1033,0.002593356954872595,0.0016509289234765104,70.79575784772328
1034,0.002593381254874515,0.0016504707987086086,70.84767939602163
1035,0.0026146945047851745,0.0016234497791337268,76.58372745052411
1036,0.002593964386628596,0.0016057646956894405,75.93808324164512
1037,0.00262664537659987,0.0016467816124703495,75.43935879257214
1038,0.002594231611543289,0.0016615826431264629,69.77643873954432
1039,0.0026065426968584996,0.001717824730469174,65.60591274321233
1040,0.0026093215922187276,0.0017402761440819326,63.82324749545401
1041,0.0026393479786603917,0.0016348419937461313,78.50086448888642
1042,0.0026342400393441073,0.001646311953288119,76.47799125757527
1043,0.002608669421833773,0.0016284840389984567,75.21245528186353
1044,0.0026379803142139273,0.0017257743124835282,68.44287964944186
1045,0.002604607803618399,0.0016503180621916511,72.25182359049101
1046,0.0025910886925650405,0.0016214216035859077,73.75707377563286
1047,0.0025949116962407934,0.0016615826431264629,69.85860775164208
1048,0.0026358296934524154,0.0017597199485734655,64.96412601509932
1049,0.0025763446538640167,0.0016543892662024401,68.3768478130893
1050,0.0026065426968584996,0.0016616964202839498,71.2634143710799
1051,0.002635047214352938,0.001702957190973401,70.39661967653741
1052,0.0026506772206671917,0.0017486622374434,67.67739631704825
1053,0.002645225750488986,0.0017143097360263866,70.45057598384207
1054,0.0026142438433137782,0.0016737129375115833,70.92960023302477
1055,0.0026320457526247992,0.0016503562476460842,75.72830159450285
1056,0.0025983818937070123,0.0016655295604025573,69.86508959005204
1057,0.002638860663661562,0.0017290504311290715,68.22255834854404
1058,0.002668510783477984,0.0017597199485734655,68.65977183992543
1059,0.0026567724980599786,0.001646311953288119,79.45936205559008
1060,0.0026603842045590693,0.001657663676562166,78.58927174148928
1061,0.0026160270766354414,0.0016621514510314548,72.38574206772348
1062,0.002616412480796,0.0016394373991813066,74.9583329367919
1063,0.002656651214706508,0.0017489201875572733,68.33984418695584
1064,0.0026198785669268743,0.001706488258994739,68.2424110631965
1065,0.0026383591130668235,0.001695559212263681,71.56639619834091
1066,0.0026271328678764356,0.0016506616994805795,75.06109894866474
1067,0.002628212092689098,0.0015829979516132264,83.45999075905539
1069,0.0026454206392942667,0.0017035247235737134,71.59009311323089
1070,0.0026571605675901476,0.0016919093880092282,74.28243147629253
1071,0.002658978888530406,0.0017142721443999494,72.11413576200003
1072,0.002668776413864625,0.001748477964063106,69.79544869957199
1073,0.002668510783477984,0.0017035247235737134,74.43877124998521
1074,0.002671986036848158,0.001702957190973401,74.93718441503215
1075,0.002650346354153804,0.0017298156509019148,69.48937984395192
1076,0.002678297501222984,0.001771945568325685,68.60469213195378
1077,0.0026680035974833045,0.0016802521110267602,76.96686167553108
1078,0.0026694524446671405,0.0017143097360263866,73.39432213720477
1079,0.002659674534998551,0.0016176123440753392,83.4241385051776
1080,0.0026807986955122492,0.0018279411240599362,63.757247658521614
1081,0.002654148043483897,0.0017176779830974326,71.17510432029574
1082,0.0026610958075625815,0.0016731103948091257,76.8873015978229
1083,0.002649514007470122,0.0017292326570273622,69.44971429866357
1084,0.0026535068904227615,0.0017176779830974326,71.0979379702633
1085,0.0026227262807735864,0.0017210089681971694,67.14443103137593
1086,0.0026888635762215736,0.0018278353577720638,64.63230256642773
1087,0.0026386457250802413,0.0018187178644561053,60.13046504297401
1088,0.002678115776747575,0.0017962996404370462,66.2917946326808
1089,0.0026792597753535633,0.0018394682250439467,62.60541956253546
1090,0.0026833215745848153,0.0018167665746440245,65.01219981223711
1091,0.0026854101645666403,0.0018505405164981684,62.315112862083026
1092,0.002654148043483897,0.0018074912109718082,62.69217594624688
1093,0.0026816639500044535,0.0018505405164981684,61.92574108204174
1094,0.0026946572576288168,0.0017710361226913386,70.59659680051105
1095,0.002661308932980772,0.0018074912109718082,63.45521354663962
1096,0.002664716621432941,0.0017964048851747288,64.80608350797849
1097,0.0026653550779866674,0.001628213131329413,82.86830108726126
1098,0.0027028238450883366,0.0018278353577720638,66.15269164105194
1099,0.00268326412799341,0.0017631565630082313,70.03960113838086
1100,0.0026787510397333664,0.0017968258024808937,66.31405086415054
1101,0.0027059930841540404,0.0018732112836158388,62.56262059934566
1102,0.002687957203950154,0.0017851791141849087,68.44281282845343
1103,0.002685494361692014,0.0018076306671259367,66.07312968617512
1104,0.0027281219145792917,0.0018278353577720638,68.97857296323303
1105,0.0027015210205312648,0.0018187178644561053,66.83669891777933
1106,0.0026945137780006513,0.0018299445179404024,65.0572619498546
1107,0.0026765622769265316,0.0018304954364093437,63.08637134013685
1108,0.002725853284342162,0.0018505405164981684,66.64104289931014
1109,0.002731497734652504,0.0018505056922992833,67.26603162068011
1110,0.002714173049920446,0.0017486622374434,75.26688305568129
1111,0.002716736098629086,0.0017825335340835948,72.06067814880727
1112,0.002686010572791113,0.001740167504700427,72.69944592683254
1113,0.0026843207854607793,0.0017850732075958802,68.03809963907818
1114,0.0027265860692092542,0.0017824250733831067,73.25231243296665
1115,0.002695238703721341,0.0017738467775475825,70.38654683475919
1116,0.002725262185281902,0.0017824250733831067,73.09275009088202
1117,0.002694981494334325,0.0017407106338051016,73.73869863589233
1118,0.002726184243833966,0.001873245685711022,64.68314560124166
1119,0.0027028503428851375,0.0017625845970346205,72.42300227467737
1120,0.0027078353078065867,0.0018412053987086436,65.50560844472238
1121,0.00270844033267559,0.001819583912383045,67.52867165278693
1122,0.00270571665536036,0.0017971414257640429,69.33411119239707
1123,0.0027056467814275172,0.001819583912383045,67.21650232758867
1124,0.0027428222737948503,0.0018164473053244496,71.77148302925882
1125,0.002707509469184845,0.0017738112505189174,71.8404367540616
1126,0.0027375307637617454,0.001782714287253805,74.55170428371291
1127,0.0026947710320300616,0.0018411711714246993,64.10145639796153
1128,0.0027454289952961557,0.0018278001009827275,70.96865726325396
1129,0.002706461865063881,0.0018075260760190407,68.43104570176243
1130,0.002706461865063881,0.0018187178644561053,67.3873038430617
1131,0.0027286651604952793,0.0018391528966410055,67.98723315162616
1132,0.0027174299704530594,0.0017962996404370462,70.77453824832317
1133,0.002705623489715564,0.0018299789552037441,66.26723437019024
1134,0.002717685055253743,0.0017738467775475825,73.05705355477131
1135,0.0027366125282437923,0.0018278353577720638,69.94772997404188
1136,0.002706461865063881,0.0018523978249089961,64.3776983749534
1137,0.0027174299704530594,0.001707042103849153,80.35114575891384
1138,0.0027492758441399205,0.0018400286754435286,70.24027149929057
1139,0.002736023753644952,0.0018857947035092683,64.65413056882004
1140,0.0027567430586408976,0.001907269670590672,65.02230768166407
1141,0.002747962891469386,0.0018960528316822956,65.04596635180087
1142,0.0027482208423914253,0.001873761641344447,67.01812466211666
1143,0.002689769035724673,0.001776560083948727,69.48251444513649
1144,0.0027284463734113962,0.0018860777853618867,63.8301722084445
1145,0.002733984029253162,0.0017850732075958802,73.87535398382035
1146,0.0027062189784680334,0.0017987662229252731,69.23595567473112
1147,0.002711225442344553,0.0017876286701918982,70.90099876917996
1148,0.002717685055253743,0.0018075260760190407,69.71442787959133
1149,0.002728284689753363,0.001863928790539698,65.71807975725656
1150,0.0027319779259898204,0.0018074912109718082,71.37925571968233
1151,0.0027390503786662596,0.0018411711714246993,68.96818396204029
1152,0.002739234432986602,0.0018304954364093437,69.99521502579636
1153,0.002770919515372831,0.0018050945096661718,76.31425554634
1154,0.002738244995553868,0.0018414791940778229,68.84849318169242
1155,0.0027172212468955137,0.0017746992128749306,72.9138092492148
1156,0.0027484214338856445,0.001863624478393293,67.95178655412636
1157,0.0027516296376921675,0.0018637597343704204,68.29631394109711
1158,0.0027587527045244576,0.001929975261907228,63.34111167284359
1159,0.0027467470984065315,0.001863624478393293,67.76611529435792
1160,0.00277029150803738,0.0018959508650338687,67.461984564125
1161,0.002736403229752385,0.0018861111977251119,64.66737564068038
1162,0.002771965878089166,0.0019191598014504526,65.62661743562825
1163,0.002740131520757577,0.0018300822631056664,70.13761188178984
1164,0.0027525226856859385,0.0018866123121645591,66.35155600937783
1165,0.0027671822075397904,0.001897603349860434,66.97722644180664
1166,0.002774010957906511,0.0019413612525906448,63.98527450741158
1167,0.0027746381233875136,0.0019413612525906448,64.05025330782037
1168,0.0027528203039693063,0.0019085641116139208,64.49884869059748
1169,0.0027511028324676326,0.0018978358036565587,65.2275116437559
1170,0.0027734301226737144,0.0019413612525906448,63.9251415620838
1171,0.002732265217891522,0.0018542816152529046,67.00995278237667
1172,0.0027579434514869803,0.001908531092330481,65.04236453487339
1173,0.0027958780437520496,0.0019186560541077865,68.25164886746934
1174,0.0027411662572215086,0.0019422434994877313,60.58468615572962
1175,0.0027508966638307808,0.0019423408363486874,61.54862109034805
1176,0.0027511028324676326,0.0019422434994877313,61.57701877209777
1177,0.002750736299763415,0.0019646643597519653,59.80630404046425
1178,0.0028039336876565578,0.0019413280575655057,67.14597436181062
1179,0.002764702950930164,0.001975386444540339,60.35832495178473
1180,0.002753827388722422,0.0019423408363486874,61.8435876569069
1181,0.0027784549830722834,0.0019310170346438856,65.30987908478039
1182,0.0027995404809802106,0.001986868982198376,62.93428557521463
1183,0.00277355150290969,0.0019310170346438856,64.79395153533166
1184,0.0027621218274303996,0.0019759229068808024,60.06509794733548
1185,0.00278291735536302,0.0019526808532237836,63.97992183068102
1186,0.002793618300796915,0.0019867392401986166,62.34886319395743
1187,0.002762578097454727,0.0019198890472133185,64.57345159653985
1188,0.0027822175255006534,0.0019422110527833718,64.76897775373597
1189,0.0027596795014063875,0.0019646643597519653,60.68431700802392
1190,0.002767592103110031,0.0019422434994877313,63.25157883624635
1191,0.0027668861340855453,0.001953566743999835,62.27126678586008
1192,0.002764037655394332,0.0019425030536115,62.866730479954114
1193,0.0028060014009277648,0.0019982210407339285,62.69333699819435
1194,0.0027829875390756775,0.0019874030696185084,61.239651124558236
1195,0.002793918167761505,0.0021002671967813953,54.31815083612985
1196,0.0027757318968417003,0.0020545082613139835,55.72262534953743
1197,0.002773801426657219,0.0020549683116861573,55.51787061527947
1198,0.002773187937251513,0.0019423408363486874,63.81986682040514
1199,0.002819975940191038,0.0020775926238006575,58.18159865019769
1200,0.0027744374946072235,0.001998375855499527,59.57698399403076
1201,0.0027757318968417003,0.0020657347480959247,54.97162547950163
1202,0.002794737782305858,0.0019983443202048565,61.56182175180377
1203,0.0027430729149656276,0.0018994729769852355,64.23894747423026
1204,0.00277334700309148,0.0019758910132362624,61.171376237079485
1205,0.0027920305768442235,0.001964696435642936,63.9418281638522
1206,0.002830923801252952,0.0019980920358568946,65.2430317639008
1207,0.002816957819228785,0.0019981242878569913,63.807671433567805
1208,0.0027856582879040213,0.001976018584725774,62.390078001169854
1209,0.0027452293485247586,0.0019763844925102976,58.3992617468619
1210,0.002793364542068507,0.00211174206198294,53.53852507075388
1211,0.002783961074769927,0.002009570973689153,59.66496866114022
1212,0.002784413766092111,0.002009696407243591,59.69926376691565
1213,0.0028156993140257304,0.0019186224662489499,70.45432037349276
1214,0.0027968791282340444,0.0019871176667205595,62.64657788575148
1215,0.0027845721906681552,0.0018974372939992666,68.90295526146024
1216,0.002784300600161731,0.0019759229068808024,62.2611684585744
1217,0.0027986810961286297,0.001908531092330481,69.46865613849899
1218,0.0028313107618164876,0.0019870311477851333,66.19170778574045
1219,0.0028066858242913927,0.001964696435642936,65.46266059209631
1220,0.0028066858242913927,0.0019758910132362624,64.54305320101005
1221,0.002806663371074237,0.0019874030696185084,63.613854327224814
1222,0.0027965411299897564,0.00198724451751333,62.60264109314838
1223,0.002798163149212935,0.0019085641116139208,69.40795928242345
1224,0.002798163149212935,0.001908531092330481,69.41094936116345
1225,0.002789298150874132,0.0019309843992990747,66.46489521532644
1226,0.0027986810961286297,0.0019310170346438856,67.47184759231662
1227,0.002795797390016901,0.002009570973689153,60.81243667833801
1228,0.0027648068143442247,0.0019208680741813566,64.7254704143234
1229,0.002841466638592904,0.0020094769013034954,65.40915799551419
1230,0.0028279629404390797,0.0019528128580137416,68.75134365259096
1231,0.002838289735481608,0.001929975261907228,71.96312887518104
1232,0.0027968791282340444,0.0019310170346438856,67.27700916421928
1233,0.0028067531828651453,0.0019085641116139208,70.36980105574865
1234,0.002827210843837316,0.001964066460156133,67.69375350441594
1235,0.002841466638592904,0.001929975261907228,72.32549854285845
1236,0.002795797390016901,0.001953566743999835,65.246526060088
1237,0.002839651700595651,0.001952713855257862,70.04533641018972
1238,0.00283840325753522,0.001952713855257862,69.90717204632553
1239,0.0028089078043566054,0.001998375855499527,62.97328042081253
1240,0.0028499135293496044,0.001952713855257862,71.18906637138443
1241,0.002853980833719188,0.0019413612525906448,72.69416767694334
1242,0.0028318106832101848,0.0019197577458147778,72.17618046835177
1243,0.0028117108265133714,0.0019534377062676686,66.9416612667201
1244,0.0028385621807829674,0.0019867392401986166,66.98079209397336
1245,0.0028184490653935727,0.0019422434994877313,68.64023715041961
1246,0.0028189856402934827,0.0019200531613348486,70.6929541282997
1247,0.0028179123883213526,0.0017962996404370462,83.30679332151811
1248,0.0028089078043566054,0.001953469966499804,66.63980248643283
1249,0.0028205947525424004,0.001897603349860434,72.98058604246224
1250,0.0028222699355667526,0.001897337653506589,73.20092060503117
1251,0.002829138953061259,0.0019309843992990747,70.83497719132511
1252,0.0028627284808917545,0.0019413280575655057,73.70309873139517
1253,0.002860927031185543,0.001964066460156133,71.39466075741893
1254,0.0028745000614368277,0.0019526808532237836,73.99155315171535
1255,0.002872257301544286,0.0019867716764928565,70.62257675635506
1256,0.002820125522978036,0.0019759229068808024,65.93973158611786
1257,0.0028323224770067817,0.0019200531613348486,72.20709794820296
1258,0.002832878669740242,0.0019311149373691444,71.24437024677101
1259,0.002799811371421606,0.0019319713578471447,67.51117438296917
1260,0.002829138953061259,0.001953469966499804,68.82212916438718
1261,0.0028627284808917545,0.0019528128580137416,72.6285088826157
1262,0.0028341241453723946,0.0019534377062676686,69.37116370152899
1263,0.0028323224770067817,0.0019198890472133185,72.22246804901718
1264,0.002861467585179033,0.001975386444540339,70.4400037666344
1265,0.0028623457676932424,0.001975419067246993,70.53422004267239
1266,0.0028855090538890296,0.001929975261907228,77.49685833130678
1267,0.0028838782610088945,0.0019074048181317164,79.59811802531094
1268,0.0028733564726236348,0.001964066460156133,72.79795512434296
1269,0.0028292057770642853,0.0019646643597519653,67.85703945562878
1270,0.002874970818730993,0.0019867392401986166,70.92552480015787
1271,0.0028726162607947835,0.0019867392401986166,70.66508691810199
1272,0.002840365518502694,0.0019422434994877313,71.06950974378779
1273,0.0028726162607947835,0.0019867392401986166,70.66508691810199
1274,0.002846017551694908,0.0019646643597519653,69.68637087342672
1275,0.002841430289594483,0.001964696435642936,69.18065041533828
1276,0.0028838112223950976,0.001964066460156133,73.99482421275897
1277,0.0028425611718653075,0.0019758910132362624,68.33078783045097
1278,0.0028530944576129176,0.0019422434994877313,72.51077267687599
1279,0.002843026698522871,0.001953469966499804,70.35205807028986
1280,0.002844688671831786,0.0019758910132362624,68.56071468475204
1281,0.0028726162607947835,0.0019413280575655057,74.85301946003585
1282,0.0028844145138280475,0.001952713855257862,75.1411761250087
1283,0.002841430289594483,0.001953469966499804,70.17485925864804
1284,0.0028633469117614464,0.0019422434994877313,73.68806256514668
1285,0.0028529840159593023,0.0019534377062676686,71.46810768189594
1286,0.002884704942482377,0.0019529778514540534,75.14985235269211
1287,0.002887986987966405,0.0019867392401986166,72.37873703324733
1288,0.0028629947490553505,0.0019646643597519653,71.57237297353839
1289,0.0028715883571231084,0.001953469966499804,73.58156150445772
1290,0.0028627966384957215,0.0019758910132362624,70.54214759873909
1291,0.0028970204748962904,0.0018751536220904111,84.76370562051946
1292,0.0029346482695308514,0.001929975261907228,83.60110724066321
1293,0.002854242797482598,0.001953469966499804,71.60685464548915
1294,0.0028553023936016306,0.0019427301350236983,72.71769052576207
1295,0.0028951632293818153,0.001975419067246993,74.23858343441718
1296,0.0028628846893258247,0.0019646643597519653,71.56002002836371
1297,0.002883305375465666,0.0019422110527833718,76.0256366449068
1298,0.0028925354933677177,0.0020094448315151727,70.85835480587329
1299,0.002887986987966405,0.0019982210407339285,71.3476021896878
1300,0.00286420512695645,0.0019758910132362624,70.69811386028265
1301,0.0028629947490553505,0.001953728029180213,72.57412744826196
1302,0.002854242797482598,0.001987149380177901,68.62295142742335
1303,0.0028960534462497208,0.0019756800295080805,74.31668432344247
1304,0.00285872132428433,0.0019758910132362624,70.09238148648897
1305,0.0028529840159593023,0.001953469966499804,71.46516890216024
1306,0.0028572219100068013,0.0019430220578432209,72.9101609545333
1307,0.0028745714161514707,0.001964696435642936,72.87804544835375
1308,0.0028857959372611997,0.0019422434994877313,76.31776480846945
1309,0.0029604469104487557,0.0019526808532237836,84.45619121082822
1310,0.00292445165103865,0.0019310170346438856,82.1942304259646
1311,0.0028424623044599607,0.001954209468343651,70.2231598492172
1312,0.002864997097420528,0.0019871176667205595,69.79431428523408
1313,0.002864997097420528,0.001964696435642936,71.79448452195899
1314,0.002864997097420528,0.001976018584725774,70.77455025716567
1315,0.0028628846893258247,0.001998375855499527,68.59181959287066
1316,0.0029074019835285997,0.0020208295167972743,71.4953997354197
1317,0.002902987768824315,0.0020207976271734503,71.01209391708294
1318,0.002865458979107123,0.001998375855499527,68.86918587458455
1319,0.002876215161925357,0.001976018584725774,72.02735701872047
1320,0.002895051933026115,0.002032182134304017,69.17023931295415
1321,0.002906515242529392,0.0020207976271734503,71.40034981443401
1322,0.0028742206287235097,0.001987149380177901,70.80606314776922
1323,0.0028743741034908737,0.001987149380177901,70.82304066333288
1324,0.002966752911967995,0.001964066460156133,84.041475990866
1325,0.0028745714161514707,0.0019759229068808024,71.85138020613937
1326,0.0029066704417323444,0.002009573107597749,72.41487781401366
1327,0.0029074019835285997,0.0020094769013034954,72.50538747795292
1328,0.0029300991570634415,0.0019867716764928565,77.23645969871068
1329,0.002874110998872084,0.0019986281199440574,69.78585272951399
1330,0.00288789158649785,0.002009570973689153,70.33799914998234
1331,0.002890160158400316,0.00200960233281175,70.58368609305882
1332,0.0029100605853035204,0.0020435347537901753,69.81971022784752
1333,0.0028742206287235097,0.00203205529327602,66.97380668496346
1334,0.0029293732833557337,0.0020094769013034954,74.99821625715771
1335,0.002949940728968801,0.0019534377062676686,83.03858226754835
1336,0.00288789158649785,0.0020208288120813953,69.36634820471336
1337,0.002892318011267387,0.0019984704583978306,71.80696111942403
1338,0.0028975424997627367,0.001987149380177901,73.42248138996743
1339,0.0029435677426193118,0.0019759229068808024,79.92567280181214
1340,0.0029312102129117287,0.0019646643597519653,79.55399867929715
1341,0.0028908360229190954,0.002009570973689153,70.66057384519503
1342,0.002890160158400316,0.00203205529327602,68.65767639445083
1343,0.0028855993921154646,0.0020325204257664762,68.13370971666527
1344,0.0029184635132986224,0.002043503218490006,70.73221781673465
1345,0.002905166395860917,0.001998375855499527,73.25897781851614
1346,0.0028854465144129674,0.0020209223639179397,69.09507508887572
1347,0.002943118119048463,0.001976018584725774,79.86124211848288
1348,0.002896672406053716,0.0020210782740225463,70.29677434017671
1349,0.0029078983035768337,0.00198724451751333,74.59918610893179
1350,0.0029308028629097807,0.0020548873752229417,71.09464008150336
1351,0.002955414226582603,0.0020324358082700915,75.8618940934351
1352,0.0029994113369677315,0.002032409165638633,81.06869681998091
1353,0.00292139882802173,0.002043787018674485,71.02763574311085
1354,0.0029318981087733294,0.0019759229068808024,78.51277450982948
1355,0.00296414515912422,0.0018505405164981684,97.08771398407397
